model,params,best_calibrator,threshold,constraint_feasible,constraint_violation,fn_inner_oof,fp_inner_oof,fnr_inner_oof,fpr_inner_oof,sens_inner_oof,spec_inner_oof,pr_auc_mean,brier_mean,roc_auc_mean,ece_mean
catboost,"{""class_weights"": [1, 1], ""depth"": 8, ""learning_rate"": 0.03, ""n_estimators"": 300}",platt,0.17563126002207616,0,4.0,4,22,0.14814814814814814,0.1746031746031746,0.8518518518518519,0.8253968253968254,0.715146666453856,0.12016552418417757,0.8897707231040565,0.12953445380735049
catboost,"{""class_weights"": [1, 1], ""depth"": 3, ""learning_rate"": 0.06, ""n_estimators"": 800}",platt,0.16035351018941577,0,4.0,4,24,0.14814814814814814,0.19047619047619047,0.8518518518518519,0.8095238095238095,0.7834708943656684,0.11530419978567197,0.9038800705467372,0.1266167894320898
catboost,"{""class_weights"": [1, 1], ""depth"": 3, ""learning_rate"": 0.06, ""n_estimators"": 500}",platt,0.1601790382605058,0,4.0,4,24,0.14814814814814814,0.19047619047619047,0.8518518518518519,0.8095238095238095,0.7831181606796015,0.11523585582768898,0.9029982363315696,0.12513758954739768
catboost,"{""class_weights"": [1, 3], ""depth"": 3, ""learning_rate"": 0.06, ""n_estimators"": 300}",isotonic,0.16666666666666666,0,4.0,4,24,0.14814814814814814,0.19047619047619047,0.8518518518518519,0.8095238095238095,0.6158535727163178,0.1086123526938055,0.8694885361552028,0.09744011451757857
catboost,"{""class_weights"": [1, 1], ""depth"": 3, ""learning_rate"": 0.06, ""n_estimators"": 300}",platt,0.16066178153705934,0,4.166666666666667,4,25,0.14814814814814814,0.1984126984126984,0.8518518518518519,0.8015873015873016,0.756509774497272,0.1153993318638601,0.8994708994708994,0.13106237381189814
catboost,"{""class_weights"": [1, 2], ""depth"": 8, ""learning_rate"": 0.03, ""n_estimators"": 300}",platt,0.1709083360069027,0,4.166666666666667,4,25,0.14814814814814814,0.1984126984126984,0.8518518518518519,0.8015873015873016,0.7524534554727792,0.11698164512917096,0.9065255731922398,0.128979280452397
catboost,"{""class_weights"": [1, 2], ""depth"": 3, ""learning_rate"": 0.03, ""n_estimators"": 500}",isotonic,0.16666666666666666,0,4.166666666666667,4,25,0.14814814814814814,0.1984126984126984,0.8518518518518519,0.8015873015873016,0.6080820575373952,0.10950509713832308,0.8615520282186949,0.10939983260819142
catboost,"{""class_weights"": [1, 3], ""depth"": 3, ""learning_rate"": 0.06, ""n_estimators"": 500}",isotonic,0.14285714285714285,0,4.166666666666667,4,25,0.14814814814814814,0.1984126984126984,0.8518518518518519,0.8015873015873016,0.5795035995547505,0.11311560392074665,0.8589065255731922,0.11171443534050203
catboost,"{""class_weights"": [1, 3], ""depth"": 3, ""learning_rate"": 0.06, ""n_estimators"": 800}",isotonic,0.14285714285714285,0,4.166666666666667,4,25,0.14814814814814814,0.1984126984126984,0.8518518518518519,0.8015873015873016,0.57904775909891,0.11337871522566051,0.8580246913580246,0.11221386933342681
catboost,"{""class_weights"": ""balanced"", ""depth"": 4, ""learning_rate"": 0.03, ""n_estimators"": 300}",platt,0.16701691864789958,0,4.333333333333333,3,26,0.1111111111111111,0.20634920634920634,0.8888888888888888,0.7936507936507936,0.7624959686728694,0.11541773571532633,0.9065255731922398,0.1279544661127422
catboost,"{""class_weights"": ""balanced"", ""depth"": 3, ""learning_rate"": 0.06, ""n_estimators"": 500}",platt,0.16401190864782184,0,4.333333333333333,4,26,0.14814814814814814,0.20634920634920634,0.8518518518518519,0.7936507936507936,0.7710685871607784,0.1138799783511457,0.9065255731922398,0.13303623529756062
catboost,"{""class_weights"": [1, 2], ""depth"": 8, ""learning_rate"": 0.06, ""n_estimators"": 300}",platt,0.16654958622200272,0,4.333333333333333,4,26,0.14814814814814814,0.20634920634920634,0.8518518518518519,0.7936507936507936,0.7620096872121596,0.11191255194663081,0.9003527336860669,0.12111815527857062
catboost,"{""class_weights"": [1, 1], ""depth"": 8, ""learning_rate"": 0.03, ""n_estimators"": 500}",platt,0.16965609902495052,0,4.333333333333333,4,26,0.14814814814814814,0.20634920634920634,0.8518518518518519,0.7936507936507936,0.7551871953832738,0.11897935989677715,0.903880070546737,0.11833171786988339
catboost,"{""class_weights"": [1, 1], ""depth"": 3, ""learning_rate"": 0.03, ""n_estimators"": 300}",platt,0.16909416303696667,0,4.333333333333333,4,26,0.14814814814814814,0.20634920634920634,0.8518518518518519,0.7936507936507936,0.7456555495032343,0.11782451186067404,0.9029982363315696,0.13627538912584167
catboost,"{""class_weights"": ""balanced"", ""depth"": 4, ""learning_rate"": 0.03, ""n_estimators"": 500}",platt,0.16852924097368988,0,4.5,4,27,0.14814814814814814,0.21428571428571427,0.8518518518518519,0.7857142857142857,0.7744954692350857,0.11320612087224924,0.9029982363315696,0.13854004976818549
catboost,"{""class_weights"": [1, 2], ""depth"": 4, ""learning_rate"": 0.03, ""n_estimators"": 300}",platt,0.16770623915405453,0,4.5,4,27,0.14814814814814814,0.21428571428571427,0.8518518518518519,0.7857142857142857,0.7467833810009816,0.11581599219133772,0.9003527336860669,0.12336271513990833
catboost,"{""class_weights"": [1, 2], ""depth"": 6, ""learning_rate"": 0.03, ""n_estimators"": 300}",platt,0.16797089011334326,0,4.5,4,27,0.14814814814814814,0.21428571428571427,0.8518518518518519,0.7857142857142857,0.7461981619231363,0.1158660789538871,0.8959435626102293,0.1147477078305867
catboost,"{""class_weights"": [1, 5], ""depth"": 3, ""learning_rate"": 0.06, ""n_estimators"": 800}",platt,0.16091801303780928,0,4.5,4,27,0.14814814814814814,0.21428571428571427,0.8518518518518519,0.7857142857142857,0.7295612313156173,0.11275680173429796,0.8818342151675486,0.10738539488341559
catboost,"{""class_weights"": [1, 3], ""depth"": 6, ""learning_rate"": 0.03, ""n_estimators"": 300}",platt,0.17210556749311373,0,4.5,4,27,0.14814814814814814,0.21428571428571427,0.8518518518518519,0.7857142857142857,0.7203485098015543,0.11465397997082676,0.9003527336860669,0.13866480561813568
catboost,"{""class_weights"": ""balanced"", ""depth"": 3, ""learning_rate"": 0.03, ""n_estimators"": 300}",isotonic,0.13458828943378584,0,4.5,4,27,0.14814814814814814,0.21428571428571427,0.8518518518518519,0.7857142857142857,0.6247444276856041,0.1102254023597931,0.8641975308641975,0.10282037115129744
catboost,"{""class_weights"": [1, 5], ""depth"": 3, ""learning_rate"": 0.06, ""n_estimators"": 500}",platt,0.16149963042098178,0,4.666666666666667,4,28,0.14814814814814814,0.2222222222222222,0.8518518518518519,0.7777777777777778,0.7377198165897857,0.11274776845832808,0.8853615520282186,0.11197792371796993
catboost,"{""class_weights"": [1, 3], ""depth"": 8, ""learning_rate"": 0.03, ""n_estimators"": 300}",platt,0.1764804366139269,0,4.666666666666667,4,28,0.14814814814814814,0.2222222222222222,0.8518518518518519,0.7777777777777778,0.7228404450626673,0.11860938654121649,0.8915343915343915,0.12296433577112055
catboost,"{""class_weights"": [1, 8], ""depth"": 4, ""learning_rate"": 0.06, ""n_estimators"": 800}",platt,0.17018163504816897,0,4.666666666666667,4,28,0.14814814814814814,0.2222222222222222,0.8518518518518519,0.7777777777777778,0.6881155317530784,0.12107355912740236,0.8835978835978837,0.10165403484530379
catboost,"{""class_weights"": [1, 2], ""depth"": 8, ""learning_rate"": 0.06, ""n_estimators"": 500}",platt,0.16030758452899224,0,4.833333333333333,4,29,0.14814814814814814,0.23015873015873015,0.8518518518518519,0.7698412698412699,0.7661188886338826,0.11129830186863682,0.8915343915343915,0.1206485838612162
catboost,"{""class_weights"": [1, 1], ""depth"": 4, ""learning_rate"": 0.03, ""n_estimators"": 300}",platt,0.16917913460937867,0,4.833333333333333,4,29,0.14814814814814814,0.23015873015873015,0.8518518518518519,0.7698412698412699,0.7504197023488611,0.11753437867641346,0.9012345679012347,0.11717880091265274
catboost,"{""class_weights"": [1, 8], ""depth"": 4, ""learning_rate"": 0.06, ""n_estimators"": 500}",platt,0.17018163504816897,0,4.833333333333333,4,29,0.14814814814814814,0.23015873015873015,0.8518518518518519,0.7698412698412699,0.6914594739163622,0.12054692259285016,0.8871252204585538,0.10182333676421769
catboost,"{""class_weights"": [1, 12], ""depth"": 8, ""learning_rate"": 0.06, ""n_estimators"": 800}",platt,0.17511664120142972,0,4.833333333333333,4,29,0.14814814814814814,0.23015873015873015,0.8518518518518519,0.7698412698412699,0.6379699146927923,0.12698924843097043,0.8492063492063492,0.11710154004727087
catboost,"{""class_weights"": [1, 1], ""depth"": 4, ""learning_rate"": 0.03, ""n_estimators"": 500}",isotonic,0.25,0,5.0,5,19,0.18518518518518517,0.15079365079365079,0.8148148148148148,0.8492063492063492,0.6245883077668423,0.09501213879341842,0.8677248677248678,0.07255098880137228
catboost,"{""class_weights"": [1, 1], ""depth"": 4, ""learning_rate"": 0.03, ""n_estimators"": 800}",isotonic,0.25,0,5.0,5,20,0.18518518518518517,0.15873015873015872,0.8148148148148148,0.8412698412698413,0.6279646763306894,0.097210059147805,0.8690476190476191,0.07489906479888038
catboost,"{""class_weights"": [1, 1], ""depth"": 3, ""learning_rate"": 0.03, ""n_estimators"": 500}",platt,0.16837815262269315,0,5.0,5,22,0.18518518518518517,0.1746031746031746,0.8148148148148148,0.8253968253968254,0.7449538962610859,0.11690836155876856,0.8994708994708995,0.1308623665806844
catboost,"{""class_weights"": ""balanced"", ""depth"": 4, ""learning_rate"": 0.03, ""n_estimators"": 800}",platt,0.1705702824506544,0,5.0,5,23,0.18518518518518517,0.18253968253968253,0.8148148148148148,0.8174603174603174,0.767977070467492,0.11201517987679505,0.9003527336860669,0.13510118745089858
catboost,"{""class_weights"": [1, 2], ""depth"": 8, ""learning_rate"": 0.03, ""n_estimators"": 500}",platt,0.16995746276019913,0,5.0,5,23,0.18518518518518517,0.18253968253968253,0.8148148148148148,0.8174603174603174,0.7652243958403379,0.1155374202289995,0.9135802469135803,0.1575505089794493
catboost,"{""class_weights"": ""balanced"", ""depth"": 3, ""learning_rate"": 0.03, ""n_estimators"": 800}",platt,0.16487092388557553,0,5.0,5,23,0.18518518518518517,0.18253968253968253,0.8148148148148148,0.8174603174603174,0.7505932174111244,0.11300316738459011,0.8941798941798941,0.12299627182945631
catboost,"{""class_weights"": [1, 3], ""depth"": 3, ""learning_rate"": 0.03, ""n_estimators"": 500}",platt,0.16984919858053446,0,5.0,5,23,0.18518518518518517,0.18253968253968253,0.8148148148148148,0.8174603174603174,0.7237823101359394,0.11489669476962146,0.8862433862433862,0.11372741119266416
catboost,"{""class_weights"": [1, 2], ""depth"": 3, ""learning_rate"": 0.03, ""n_estimators"": 800}",isotonic,0.16666666666666666,0,5.0,5,23,0.18518518518518517,0.18253968253968253,0.8148148148148148,0.8174603174603174,0.6480068515362634,0.09760062072994902,0.8686067019400353,0.08306313230267924
catboost,"{""class_weights"": ""balanced"", ""depth"": 3, ""learning_rate"": 0.03, ""n_estimators"": 500}",isotonic,0.16666666666666666,0,5.0,5,23,0.18518518518518517,0.18253968253968253,0.8148148148148148,0.8174603174603174,0.6148465550426335,0.10445955326397904,0.8615520282186949,0.08879773968873683
catboost,"{""class_weights"": ""balanced"", ""depth"": 8, ""learning_rate"": 0.06, ""n_estimators"": 800}",platt,0.17441491046840135,0,5.0,5,24,0.18518518518518517,0.19047619047619047,0.8148148148148148,0.8095238095238095,0.7575543990748669,0.11493843714919132,0.9003527336860669,0.13437223434075782
catboost,"{""class_weights"": [1, 3], ""depth"": 6, ""learning_rate"": 0.03, ""n_estimators"": 500}",platt,0.1696288627408608,0,5.0,5,24,0.18518518518518517,0.19047619047619047,0.8148148148148148,0.8095238095238095,0.7286832690427462,0.11396032274208596,0.9047619047619048,0.11309545109510633
catboost,"{""class_weights"": [1, 5], ""depth"": 6, ""learning_rate"": 0.06, ""n_estimators"": 800}",platt,0.1681964344944422,0,5.0,5,24,0.18518518518518517,0.19047619047619047,0.8148148148148148,0.8095238095238095,0.7142960577443995,0.11406577502874198,0.8897707231040565,0.11332559214183195
catboost,"{""class_weights"": [1, 2], ""depth"": 3, ""learning_rate"": 0.06, ""n_estimators"": 800}",isotonic,0.14285714285714285,0,5.0,5,24,0.18518518518518517,0.19047619047619047,0.8148148148148148,0.8095238095238095,0.6705137273764725,0.0898410859526317,0.8721340388007054,0.0772765771695303
catboost,"{""class_weights"": [1, 2], ""depth"": 3, ""learning_rate"": 0.06, ""n_estimators"": 500}",isotonic,0.14285714285714285,0,5.0,5,24,0.18518518518518517,0.19047619047619047,0.8148148148148148,0.8095238095238095,0.6678207413501532,0.09212690961824022,0.871252204585538,0.07901741020533816
catboost,"{""class_weights"": [1, 2], ""depth"": 4, ""learning_rate"": 0.06, ""n_estimators"": 300}",platt,0.16835166279367716,0,5.0,5,25,0.18518518518518517,0.1984126984126984,0.8148148148148148,0.8015873015873016,0.7606265188136533,0.11214414253154409,0.892416225749559,0.12703891350155952
catboost,"{""class_weights"": [1, 1], ""depth"": 8, ""learning_rate"": 0.03, ""n_estimators"": 800}",platt,0.16966253858998692,0,5.0,5,25,0.18518518518518517,0.1984126984126984,0.8148148148148148,0.8015873015873016,0.7590964590964591,0.11643932504155781,0.9056437389770723,0.10841009743350973
catboost,"{""class_weights"": ""balanced"", ""depth"": 3, ""learning_rate"": 0.06, ""n_estimators"": 800}",platt,0.16467314582809486,0,5.0,5,25,0.18518518518518517,0.1984126984126984,0.8148148148148148,0.8015873015873016,0.7534682818996545,0.11440001731709577,0.9021164021164022,0.14174566486766377
catboost,"{""class_weights"": [1, 2], ""depth"": 4, ""learning_rate"": 0.03, ""n_estimators"": 800}",platt,0.17034345650505886,0,5.0,5,25,0.18518518518518517,0.1984126984126984,0.8148148148148148,0.8015873015873016,0.7503430851341069,0.11396255611644295,0.8968253968253967,0.13081430754476278
catboost,"{""class_weights"": [1, 3], ""depth"": 4, ""learning_rate"": 0.03, ""n_estimators"": 800}",platt,0.16939682084589416,0,5.0,5,25,0.18518518518518517,0.1984126984126984,0.8148148148148148,0.8015873015873016,0.7492313134126,0.11503230361209042,0.9012345679012346,0.10266936600215686
catboost,"{""class_weights"": [1, 2], ""depth"": 4, ""learning_rate"": 0.03, ""n_estimators"": 500}",platt,0.16969678610755232,0,5.0,5,25,0.18518518518518517,0.1984126984126984,0.8148148148148148,0.8015873015873016,0.7472086736792619,0.11458593722904947,0.8915343915343916,0.12569043859534032
catboost,"{""class_weights"": [1, 5], ""depth"": 6, ""learning_rate"": 0.03, ""n_estimators"": 800}",platt,0.16854259982188297,0,5.0,5,25,0.18518518518518517,0.1984126984126984,0.8148148148148148,0.8015873015873016,0.7224644826691611,0.11442349946357211,0.8950617283950617,0.1149975887122587
catboost,"{""class_weights"": [1, 20], ""depth"": 4, ""learning_rate"": 0.06, ""n_estimators"": 500}",isotonic,0.11593750724005779,0,5.0,5,25,0.18518518518518517,0.1984126984126984,0.8148148148148148,0.8015873015873016,0.61894792450348,0.10299589657919704,0.8884479717813051,0.08036089008047116
catboost,"{""class_weights"": [1, 1], ""depth"": 4, ""learning_rate"": 0.06, ""n_estimators"": 500}",isotonic,0.2,0,5.0,5,25,0.18518518518518517,0.1984126984126984,0.8148148148148148,0.8015873015873016,0.5735610983868065,0.10016454470866006,0.8452380952380952,0.06367692580946759
catboost,"{""class_weights"": [1, 2], ""depth"": 8, ""learning_rate"": 0.03, ""n_estimators"": 800}",platt,0.16565736835947814,0,5.0,5,26,0.18518518518518517,0.20634920634920634,0.8148148148148148,0.7936507936507936,0.7753780854572049,0.1123564818290556,0.9082892416225748,0.14607847424646733
catboost,"{""class_weights"": ""balanced"", ""depth"": 6, ""learning_rate"": 0.03, ""n_estimators"": 300}",platt,0.1679243803113478,0,5.0,5,26,0.18518518518518517,0.20634920634920634,0.8148148148148148,0.7936507936507936,0.7606161691129012,0.11271619091863098,0.8959435626102291,0.1221577765810462
catboost,"{""class_weights"": [1, 5], ""depth"": 4, ""learning_rate"": 0.03, ""n_estimators"": 300}",platt,0.19224150376614252,0,5.0,5,26,0.18518518518518517,0.20634920634920634,0.8148148148148148,0.7936507936507936,0.6651464306693066,0.11749918116218931,0.8738977072310407,0.10798445011961022
catboost,"{""class_weights"": [1, 1], ""depth"": 3, ""learning_rate"": 0.03, ""n_estimators"": 800}",isotonic,0.25,0,5.0,5,26,0.18518518518518517,0.20634920634920634,0.8148148148148148,0.7936507936507936,0.626373916569995,0.09629627896216968,0.861111111111111,0.08138943560295613
catboost,"{""class_weights"": [1, 1], ""depth"": 4, ""learning_rate"": 0.06, ""n_estimators"": 300}",isotonic,0.125,0,5.0,5,26,0.18518518518518517,0.20634920634920634,0.8148148148148148,0.7936507936507936,0.5760766623838519,0.10021568057367984,0.8408289241622575,0.07318117807674748
catboost,"{""class_weights"": ""balanced"", ""depth"": 3, ""learning_rate"": 0.06, ""n_estimators"": 300}",platt,0.16473243590011108,0,5.0,5,27,0.18518518518518517,0.21428571428571427,0.8148148148148148,0.7857142857142857,0.7685711428962353,0.11343020406528308,0.9047619047619048,0.13091543735069705
catboost,"{""class_weights"": ""balanced"", ""depth"": 8, ""learning_rate"": 0.03, ""n_estimators"": 300}",platt,0.16782726013922425,0,5.0,5,27,0.18518518518518517,0.21428571428571427,0.8148148148148148,0.7857142857142857,0.75178616901306,0.11649206887517687,0.8880070546737212,0.12636486142748005
catboost,"{""class_weights"": [1, 2], ""depth"": 8, ""learning_rate"": 0.06, ""n_estimators"": 800}",platt,0.16001231995552495,0,5.0,5,27,0.18518518518518517,0.21428571428571427,0.8148148148148148,0.7857142857142857,0.7502469864366123,0.11091539886998379,0.8721340388007054,0.14605976964588593
catboost,"{""class_weights"": [1, 5], ""depth"": 6, ""learning_rate"": 0.06, ""n_estimators"": 500}",platt,0.16774400396911213,0,5.0,5,27,0.18518518518518517,0.21428571428571427,0.8148148148148148,0.7857142857142857,0.7101266836919845,0.11483642615082468,0.8862433862433864,0.11876992703999552
catboost,"{""class_weights"": [1, 1], ""depth"": 6, ""learning_rate"": 0.06, ""n_estimators"": 300}",platt,0.16286159639656375,0,5.0,5,27,0.18518518518518517,0.21428571428571427,0.8148148148148148,0.7857142857142857,0.6939022024856817,0.11696392650236337,0.8871252204585538,0.11438970781358632
catboost,"{""class_weights"": ""balanced"", ""depth"": 6, ""learning_rate"": 0.06, ""n_estimators"": 300}",isotonic,0.1111111111111111,0,5.0,5,27,0.18518518518518517,0.21428571428571427,0.8148148148148148,0.7857142857142857,0.6243057438028975,0.09192440340200118,0.8496472663139331,0.07207972148202872
catboost,"{""class_weights"": [1, 2], ""depth"": 3, ""learning_rate"": 0.03, ""n_estimators"": 300}",isotonic,0.2,0,5.0,5,27,0.18518518518518517,0.21428571428571427,0.8148148148148148,0.7857142857142857,0.6109083978637355,0.12098254674503515,0.8558201058201057,0.11765343011304309
catboost,"{""class_weights"": [1, 3], ""depth"": 3, ""learning_rate"": 0.03, ""n_estimators"": 800}",isotonic,0.16666666666666666,0,5.0,5,27,0.18518518518518517,0.21428571428571427,0.8148148148148148,0.7857142857142857,0.594897999603882,0.11504672776153069,0.8470017636684304,0.11092966636836032
catboost,"{""class_weights"": [1, 5], ""depth"": 6, ""learning_rate"": 0.03, ""n_estimators"": 300}",isotonic,0.125,0,5.0,5,27,0.18518518518518517,0.21428571428571427,0.8148148148148148,0.7857142857142857,0.5629940865234982,0.11578778648445809,0.8456790123456791,0.09247801427278828
catboost,"{""class_weights"": [1, 12], ""depth"": 6, ""learning_rate"": 0.03, ""n_estimators"": 500}",isotonic,0.2,0,5.0,5,27,0.18518518518518517,0.21428571428571427,0.8148148148148148,0.7857142857142857,0.5412621731462312,0.10874414474468136,0.8350970017636684,0.08398890382102393
catboost,"{""class_weights"": ""balanced"", ""depth"": 8, ""learning_rate"": 0.03, ""n_estimators"": 500}",platt,0.16675162229221285,0,5.0,5,28,0.18518518518518517,0.2222222222222222,0.8148148148148148,0.7777777777777778,0.7492974757541578,0.11517521287437195,0.8862433862433864,0.13393751871137757
catboost,"{""class_weights"": ""balanced"", ""depth"": 4, ""learning_rate"": 0.06, ""n_estimators"": 300}",platt,0.1695362318506544,0,5.0,5,28,0.18518518518518517,0.2222222222222222,0.8148148148148148,0.7777777777777778,0.7415054444466209,0.11500306762343711,0.8888888888888888,0.1299674058638884
catboost,"{""class_weights"": [1, 3], ""depth"": 4, ""learning_rate"": 0.03, ""n_estimators"": 300}",platt,0.1672150593688683,0,5.0,5,28,0.18518518518518517,0.2222222222222222,0.8148148148148148,0.7777777777777778,0.7301922629690623,0.11607377855624933,0.8941798941798943,0.11396338139028805
catboost,"{""class_weights"": [1, 8], ""depth"": 6, ""learning_rate"": 0.06, ""n_estimators"": 500}",platt,0.17599077074751718,0,5.0,5,28,0.18518518518518517,0.2222222222222222,0.8148148148148148,0.7777777777777778,0.6821244187910854,0.11934582600208894,0.8721340388007054,0.11344326937867315
catboost,"{""class_weights"": [1, 8], ""depth"": 8, ""learning_rate"": 0.03, ""n_estimators"": 300}",platt,0.19209663699316107,0,5.0,5,28,0.18518518518518517,0.2222222222222222,0.8148148148148148,0.7777777777777778,0.6678669454486448,0.12237921382419015,0.8774250440917107,0.11915750505868446
catboost,"{""class_weights"": [1, 1], ""depth"": 4, ""learning_rate"": 0.06, ""n_estimators"": 800}",isotonic,0.2,0,5.0,5,28,0.18518518518518517,0.2222222222222222,0.8148148148148148,0.7777777777777778,0.5891793895606532,0.10015564007539719,0.8500881834215166,0.05829707247563304
catboost,"{""class_weights"": [1, 3], ""depth"": 4, ""learning_rate"": 0.03, ""n_estimators"": 500}",platt,0.16634972241900592,0,5.0,5,29,0.18518518518518517,0.23015873015873015,0.8148148148148148,0.7698412698412699,0.7559760412022878,0.11478691180021235,0.9003527336860672,0.12227779204683287
catboost,"{""class_weights"": ""balanced"", ""depth"": 8, ""learning_rate"": 0.06, ""n_estimators"": 300}",platt,0.17362618491894158,0,5.0,5,29,0.18518518518518517,0.23015873015873015,0.8148148148148148,0.7698412698412699,0.7358118578792814,0.11816168179168389,0.8897707231040565,0.12036955643883783
catboost,"{""class_weights"": [1, 12], ""depth"": 8, ""learning_rate"": 0.06, ""n_estimators"": 500}",platt,0.1794575816572858,0,5.0,5,29,0.18518518518518517,0.23015873015873015,0.8148148148148148,0.7698412698412699,0.6589291140353232,0.12619695149892277,0.8624338624338624,0.11792500306100627
catboost,"{""class_weights"": ""balanced"", ""depth"": 4, ""learning_rate"": 0.06, ""n_estimators"": 500}",isotonic,0.16666666666666666,0,5.0,5,29,0.18518518518518517,0.23015873015873015,0.8148148148148148,0.7698412698412699,0.6550477804290441,0.09932973121654998,0.8571428571428571,0.09061013040341985
catboost,"{""class_weights"": ""balanced"", ""depth"": 8, ""learning_rate"": 0.06, ""n_estimators"": 500}",platt,0.17441932337852772,0,5.0,5,30,0.18518518518518517,0.23809523809523808,0.8148148148148148,0.7619047619047619,0.7572398509034217,0.11651040678671248,0.8985890652557319,0.12369420461056112
catboost,"{""class_weights"": [1, 5], ""depth"": 6, ""learning_rate"": 0.06, ""n_estimators"": 300}",platt,0.16731102437977136,0,5.0,5,30,0.18518518518518517,0.23809523809523808,0.8148148148148148,0.7619047619047619,0.7013113084881382,0.11585804560582315,0.8818342151675486,0.1195690626161003
catboost,"{""class_weights"": [1, 15], ""depth"": 6, ""learning_rate"": 0.03, ""n_estimators"": 500}",platt,0.18166215299325636,0,5.0,5,30,0.18518518518518517,0.23809523809523808,0.8148148148148148,0.7619047619047619,0.6656288361843917,0.12405760102737808,0.8677248677248678,0.10143732076510063
catboost,"{""class_weights"": ""balanced"", ""depth"": 4, ""learning_rate"": 0.06, ""n_estimators"": 800}",isotonic,0.14285714285714285,0,5.0,5,30,0.18518518518518517,0.23809523809523808,0.8148148148148148,0.7619047619047619,0.6550477804290441,0.09968524447614135,0.8553791887125218,0.09822303741480955
catboost,"{""class_weights"": [1, 12], ""depth"": 3, ""learning_rate"": 0.03, ""n_estimators"": 300}",platt,0.21774091549520083,0,5.0,5,30,0.18518518518518517,0.23809523809523808,0.8148148148148148,0.7619047619047619,0.6453870230917015,0.12400126310853055,0.8527336860670194,0.09949764692013213
catboost,"{""class_weights"": [1, 5], ""depth"": 4, ""learning_rate"": 0.03, ""n_estimators"": 500}",platt,0.1659717884537428,0,5.166666666666667,5,31,0.18518518518518517,0.24603174603174602,0.8148148148148148,0.753968253968254,0.6990916121599554,0.11537427502288979,0.888888888888889,0.11719211023356015
catboost,"{""class_weights"": [1, 5], ""depth"": 4, ""learning_rate"": 0.03, ""n_estimators"": 800}",platt,0.1630511303205825,0,5.166666666666667,5,31,0.18518518518518517,0.24603174603174602,0.8148148148148148,0.753968253968254,0.6857288571994454,0.11616167612820845,0.8835978835978836,0.11704740961706665
catboost,"{""class_weights"": [1, 5], ""depth"": 4, ""learning_rate"": 0.06, ""n_estimators"": 500}",platt,0.16990454251690398,0,5.166666666666667,5,31,0.18518518518518517,0.24603174603174602,0.8148148148148148,0.753968253968254,0.6750162947626718,0.11846245376063996,0.8800705467372133,0.13226649777018015
catboost,"{""class_weights"": [1, 5], ""depth"": 4, ""learning_rate"": 0.06, ""n_estimators"": 800}",platt,0.1730393325012028,0,5.166666666666667,5,31,0.18518518518518517,0.24603174603174602,0.8148148148148148,0.753968253968254,0.6733510932694687,0.11949032361046126,0.8783068783068783,0.1335884423568364
catboost,"{""class_weights"": [1, 15], ""depth"": 4, ""learning_rate"": 0.03, ""n_estimators"": 500}",platt,0.18620861062036614,0,5.166666666666667,5,31,0.18518518518518517,0.24603174603174602,0.8148148148148148,0.753968253968254,0.6469811811755546,0.1234290585272787,0.8641975308641975,0.0941570698638422
catboost,"{""class_weights"": [1, 12], ""depth"": 3, ""learning_rate"": 0.06, ""n_estimators"": 300}",platt,0.1908369266691084,0,5.166666666666667,5,31,0.18518518518518517,0.24603174603174602,0.8148148148148148,0.753968253968254,0.631930664471402,0.12350233425782597,0.8492063492063493,0.08609437532858272
catboost,"{""class_weights"": [1, 8], ""depth"": 6, ""learning_rate"": 0.03, ""n_estimators"": 500}",isotonic,0.06707510971369597,0,5.166666666666667,5,31,0.18518518518518517,0.24603174603174602,0.8148148148148148,0.753968253968254,0.5672787588069667,0.10727953634085756,0.8624338624338624,0.08451626295764099
catboost,"{""class_weights"": [1, 15], ""depth"": 3, ""learning_rate"": 0.06, ""n_estimators"": 800}",isotonic,0.2222222222222222,0,5.166666666666667,5,31,0.18518518518518517,0.24603174603174602,0.8148148148148148,0.753968253968254,0.5663166338986324,0.1052421713929491,0.8822751322751324,0.06803738126631845
catboost,"{""class_weights"": [1, 15], ""depth"": 3, ""learning_rate"": 0.06, ""n_estimators"": 500}",isotonic,0.2,0,5.166666666666667,5,31,0.18518518518518517,0.24603174603174602,0.8148148148148148,0.753968253968254,0.5634460547504027,0.1024313185165075,0.8761022927689593,0.05960744576047941
catboost,"{""class_weights"": [1, 12], ""depth"": 6, ""learning_rate"": 0.03, ""n_estimators"": 800}",isotonic,0.07309832375089774,0,5.166666666666667,5,31,0.18518518518518517,0.24603174603174602,0.8148148148148148,0.753968253968254,0.54018917137867,0.10880673160201788,0.8333333333333334,0.09088842851142824
catboost,"{""class_weights"": [1, 20], ""depth"": 4, ""learning_rate"": 0.06, ""n_estimators"": 300}",platt,0.17691047499090096,0,5.333333333333333,4,32,0.14814814814814814,0.25396825396825395,0.8518518518518519,0.746031746031746,0.6542218465833877,0.12001825705204827,0.8694885361552028,0.10688962239722588
catboost,"{""class_weights"": [1, 2], ""depth"": 3, ""learning_rate"": 0.06, ""n_estimators"": 300}",platt,0.15942839981452867,0,5.333333333333333,5,32,0.18518518518518517,0.25396825396825395,0.8148148148148148,0.746031746031746,0.7716159113217937,0.1113557063052605,0.9065255731922398,0.12817730625151488
catboost,"{""class_weights"": [1, 1], ""depth"": 6, ""learning_rate"": 0.03, ""n_estimators"": 300}",platt,0.16697203787913573,0,5.333333333333333,5,32,0.18518518518518517,0.25396825396825395,0.8148148148148148,0.746031746031746,0.7423882913054479,0.11756419871369587,0.9003527336860669,0.12345880289633819
catboost,"{""class_weights"": [1, 3], ""depth"": 6, ""learning_rate"": 0.06, ""n_estimators"": 300}",platt,0.17095170263344484,0,5.333333333333333,5,32,0.18518518518518517,0.25396825396825395,0.8148148148148148,0.746031746031746,0.7185084976751644,0.11641285291994015,0.8897707231040565,0.13330099033597947
catboost,"{""class_weights"": [1, 5], ""depth"": 3, ""learning_rate"": 0.06, ""n_estimators"": 300}",platt,0.16612705207277081,0,5.333333333333333,5,32,0.18518518518518517,0.25396825396825395,0.8148148148148148,0.746031746031746,0.7157539065872399,0.11491468649339472,0.8774250440917108,0.11370703363608352
catboost,"{""class_weights"": [1, 5], ""depth"": 8, ""learning_rate"": 0.03, ""n_estimators"": 500}",platt,0.1658782040662479,0,5.333333333333333,5,32,0.18518518518518517,0.25396825396825395,0.8148148148148148,0.746031746031746,0.6995280920040122,0.11822362112387508,0.8738977072310407,0.12272610533386118
catboost,"{""class_weights"": [1, 8], ""depth"": 4, ""learning_rate"": 0.03, ""n_estimators"": 800}",platt,0.16862455853394373,0,5.333333333333333,5,32,0.18518518518518517,0.25396825396825395,0.8148148148148148,0.746031746031746,0.681329411777655,0.12106295622652467,0.8694885361552028,0.08949922824278302
catboost,"{""class_weights"": [1, 2], ""depth"": 4, ""learning_rate"": 0.06, ""n_estimators"": 500}",isotonic,0.14285714285714285,0,5.333333333333333,5,32,0.18518518518518517,0.25396825396825395,0.8148148148148148,0.746031746031746,0.652303542499621,0.09256896561772694,0.8655202821869489,0.07486131966689712
catboost,"{""class_weights"": [1, 12], ""depth"": 8, ""learning_rate"": 0.06, ""n_estimators"": 300}",platt,0.18262251434068116,0,5.333333333333333,5,32,0.18518518518518517,0.25396825396825395,0.8148148148148148,0.746031746031746,0.6290979042663508,0.1254299567664717,0.8641975308641975,0.12447726611999703
catboost,"{""class_weights"": [1, 1], ""depth"": 6, ""learning_rate"": 0.03, ""n_estimators"": 800}",isotonic,0.08333333333333333,0,5.333333333333333,5,32,0.18518518518518517,0.25396825396825395,0.8148148148148148,0.746031746031746,0.6204011960139412,0.10365617725162174,0.833774250440917,0.09566886309284338
catboost,"{""class_weights"": [1, 5], ""depth"": 6, ""learning_rate"": 0.03, ""n_estimators"": 500}",platt,0.1639798456284097,0,5.5,4,33,0.14814814814814814,0.2619047619047619,0.8518518518518519,0.7380952380952381,0.7183309002203734,0.11386750620204435,0.8871252204585538,0.11119770443056202
catboost,"{""class_weights"": [1, 8], ""depth"": 6, ""learning_rate"": 0.03, ""n_estimators"": 800}",platt,0.16850685763029227,0,5.5,4,33,0.14814814814814814,0.2619047619047619,0.8518518518518519,0.7380952380952381,0.6740581240288842,0.11902869375024407,0.8703703703703703,0.11283921130310559
catboost,"{""class_weights"": [1, 20], ""depth"": 4, ""learning_rate"": 0.03, ""n_estimators"": 500}",platt,0.18356763291506453,0,5.5,4,33,0.14814814814814814,0.2619047619047619,0.8518518518518519,0.7380952380952381,0.6423605370138477,0.12186162134854239,0.8650793650793651,0.10400058084476906
catboost,"{""class_weights"": [1, 3], ""depth"": 4, ""learning_rate"": 0.06, ""n_estimators"": 800}",platt,0.1718636028434106,0,5.5,5,33,0.18518518518518517,0.2619047619047619,0.8148148148148148,0.7380952380952381,0.732289232367943,0.11579431896333736,0.8844797178130511,0.1213859908089151
catboost,"{""class_weights"": [1, 8], ""depth"": 3, ""learning_rate"": 0.03, ""n_estimators"": 300}",platt,0.18839430267792778,0,5.5,5,33,0.18518518518518517,0.2619047619047619,0.8148148148148148,0.7380952380952381,0.6741059445194891,0.12130164114194426,0.8650793650793652,0.1040244474384973
catboost,"{""class_weights"": [1, 5], ""depth"": 4, ""learning_rate"": 0.06, ""n_estimators"": 300}",platt,0.16763942085565495,0,5.5,5,33,0.18518518518518517,0.2619047619047619,0.8148148148148148,0.7380952380952381,0.6735545527298195,0.11798493127883614,0.873015873015873,0.11995851496944303
catboost,"{""class_weights"": [1, 20], ""depth"": 4, ""learning_rate"": 0.06, ""n_estimators"": 800}",platt,0.165352430960216,0,5.5,5,33,0.18518518518518517,0.2619047619047619,0.8148148148148148,0.7380952380952381,0.6633083980830798,0.12114466085991642,0.871252204585538,0.11112920524380272
catboost,"{""class_weights"": [1, 8], ""depth"": 6, ""learning_rate"": 0.06, ""n_estimators"": 300}",platt,0.17307306132381012,0,5.5,5,33,0.18518518518518517,0.2619047619047619,0.8148148148148148,0.7380952380952381,0.6597963432113759,0.11835319485323359,0.8765432098765431,0.11593462044069631
catboost,"{""class_weights"": [1, 15], ""depth"": 8, ""learning_rate"": 0.03, ""n_estimators"": 500}",platt,0.18925048598613892,0,5.5,5,33,0.18518518518518517,0.2619047619047619,0.8148148148148148,0.7380952380952381,0.6400357627042091,0.12549749668644933,0.855379188712522,0.11605465052117044
catboost,"{""class_weights"": [1, 20], ""depth"": 3, ""learning_rate"": 0.06, ""n_estimators"": 500}",platt,0.1870344321976742,0,5.5,5,33,0.18518518518518517,0.2619047619047619,0.8148148148148148,0.7380952380952381,0.6396891868658295,0.1252744378719076,0.8500881834215167,0.09127133735339339
catboost,"{""class_weights"": [1, 1], ""depth"": 6, ""learning_rate"": 0.03, ""n_estimators"": 500}",isotonic,0.09090909090909091,0,5.5,5,33,0.18518518518518517,0.2619047619047619,0.8148148148148148,0.7380952380952381,0.6138976363517793,0.10505989710104242,0.833774250440917,0.09524282027516379
catboost,"{""class_weights"": [1, 15], ""depth"": 4, ""learning_rate"": 0.06, ""n_estimators"": 300}",platt,0.17115814792411677,0,5.666666666666667,4,34,0.14814814814814814,0.2698412698412698,0.8518518518518519,0.7301587301587301,0.6604007995624932,0.1210529201361923,0.8668430335097002,0.11711714200062158
catboost,"{""class_weights"": [1, 2], ""depth"": 6, ""learning_rate"": 0.03, ""n_estimators"": 800}",platt,0.16326803112300053,0,5.666666666666667,5,34,0.18518518518518517,0.2698412698412698,0.8148148148148148,0.7301587301587301,0.7546065436016417,0.1127433031123042,0.9003527336860669,0.10268234843273856
catboost,"{""class_weights"": [1, 3], ""depth"": 4, ""learning_rate"": 0.06, ""n_estimators"": 500}",platt,0.17156975816812586,0,5.666666666666667,5,34,0.18518518518518517,0.2698412698412698,0.8148148148148148,0.7301587301587301,0.732295706345496,0.11584776993599914,0.8844797178130511,0.12146030490413313
catboost,"{""class_weights"": [1, 3], ""depth"": 4, ""learning_rate"": 0.06, ""n_estimators"": 300}",platt,0.170479658591283,0,5.666666666666667,5,34,0.18518518518518517,0.2698412698412698,0.8148148148148148,0.7301587301587301,0.7275763964708967,0.1170696073991538,0.8791887125220459,0.10808039152550812
catboost,"{""class_weights"": [1, 3], ""depth"": 3, ""learning_rate"": 0.03, ""n_estimators"": 300}",platt,0.16756001960783307,0,5.666666666666667,5,34,0.18518518518518517,0.2698412698412698,0.8148148148148148,0.7301587301587301,0.713198820936609,0.11642264774528177,0.8809523809523809,0.11274324959414485
catboost,"{""class_weights"": [1, 8], ""depth"": 4, ""learning_rate"": 0.06, ""n_estimators"": 300}",platt,0.1679221154801958,0,5.666666666666667,5,34,0.18518518518518517,0.2698412698412698,0.8148148148148148,0.7301587301587301,0.6942548790760005,0.11903438633572805,0.8853615520282186,0.10253612868234445
catboost,"{""class_weights"": [1, 8], ""depth"": 6, ""learning_rate"": 0.06, ""n_estimators"": 800}",platt,0.17566866616261484,0,5.666666666666667,5,34,0.18518518518518517,0.2698412698412698,0.8148148148148148,0.7301587301587301,0.6706992454118891,0.11972127136328936,0.8668430335097002,0.11589930817536744
catboost,"{""class_weights"": [1, 2], ""depth"": 4, ""learning_rate"": 0.06, ""n_estimators"": 800}",isotonic,0.14285714285714285,0,5.666666666666667,5,34,0.18518518518518517,0.2698412698412698,0.8148148148148148,0.7301587301587301,0.6701256380994943,0.09097969276292166,0.8699294532627865,0.07845625075510743
catboost,"{""class_weights"": [1, 20], ""depth"": 3, ""learning_rate"": 0.03, ""n_estimators"": 300}",platt,0.21446867270013784,0,5.666666666666667,5,34,0.18518518518518517,0.2698412698412698,0.8148148148148148,0.7301587301587301,0.6506772091825411,0.12584602132782244,0.8589065255731922,0.10383830808735701
catboost,"{""class_weights"": [1, 12], ""depth"": 6, ""learning_rate"": 0.06, ""n_estimators"": 300}",platt,0.17518749339622405,0,5.666666666666667,5,34,0.18518518518518517,0.2698412698412698,0.8148148148148148,0.7301587301587301,0.6474695396009765,0.1229200085920897,0.8677248677248678,0.11851404118907395
catboost,"{""class_weights"": [1, 20], ""depth"": 4, ""learning_rate"": 0.03, ""n_estimators"": 800}",platt,0.17402669920513208,0,5.666666666666667,5,34,0.18518518518518517,0.2698412698412698,0.8148148148148148,0.7301587301587301,0.6427211408044031,0.12133380186640978,0.8650793650793651,0.09369948114384834
catboost,"{""class_weights"": [1, 15], ""depth"": 8, ""learning_rate"": 0.03, ""n_estimators"": 800}",platt,0.17771519938801453,0,5.666666666666667,5,34,0.18518518518518517,0.2698412698412698,0.8148148148148148,0.7301587301587301,0.622522326781586,0.12567780570705064,0.8447971781305115,0.10718290793795852
catboost,"{""class_weights"": [1, 20], ""depth"": 8, ""learning_rate"": 0.03, ""n_estimators"": 300}",isotonic,0.14285714285714285,0,5.666666666666667,5,34,0.18518518518518517,0.2698412698412698,0.8148148148148148,0.7301587301587301,0.4368429863527903,0.14320017657827797,0.8201058201058201,0.11720208204690312
catboost,"{""class_weights"": [1, 20], ""depth"": 6, ""learning_rate"": 0.03, ""n_estimators"": 800}",platt,0.16942842642321762,0,5.833333333333333,4,35,0.14814814814814814,0.2777777777777778,0.8518518518518519,0.7222222222222222,0.6289416569161522,0.1247864951402292,0.8430335097001763,0.10758067914081015
catboost,"{""class_weights"": [1, 15], ""depth"": 3, ""learning_rate"": 0.03, ""n_estimators"": 800}",isotonic,0.16666666666666666,0,5.833333333333333,4,35,0.14814814814814814,0.2777777777777778,0.8518518518518519,0.7222222222222222,0.5885223525803235,0.10295865595689568,0.871252204585538,0.0823688043304454
catboost,"{""class_weights"": [1, 5], ""depth"": 8, ""learning_rate"": 0.03, ""n_estimators"": 300}",platt,0.1688809334359902,0,5.833333333333333,5,35,0.18518518518518517,0.2777777777777778,0.8148148148148148,0.7222222222222222,0.6956649084150542,0.1183791211827751,0.8765432098765432,0.12230620230924465
catboost,"{""class_weights"": [1, 8], ""depth"": 3, ""learning_rate"": 0.06, ""n_estimators"": 800}",platt,0.16044963044071914,0,5.833333333333333,5,35,0.18518518518518517,0.2777777777777778,0.8148148148148148,0.7222222222222222,0.6757575819252217,0.11906940742865967,0.8686067019400353,0.11006311084332228
catboost,"{""class_weights"": [1, 5], ""depth"": 3, ""learning_rate"": 0.03, ""n_estimators"": 300}",platt,0.17355124603566463,0,5.833333333333333,5,35,0.18518518518518517,0.2777777777777778,0.8148148148148148,0.7222222222222222,0.6719695260519818,0.11966743892451871,0.8650793650793651,0.08932500702600334
catboost,"{""class_weights"": [1, 20], ""depth"": 3, ""learning_rate"": 0.03, ""n_estimators"": 500}",platt,0.1986277132606663,0,5.833333333333333,5,35,0.18518518518518517,0.2777777777777778,0.8148148148148148,0.7222222222222222,0.653850593118739,0.12631141599767623,0.853615520282187,0.0970181139497394
catboost,"{""class_weights"": [1, 12], ""depth"": 4, ""learning_rate"": 0.03, ""n_estimators"": 500}",platt,0.17198203548459548,0,5.833333333333333,5,35,0.18518518518518517,0.2777777777777778,0.8148148148148148,0.7222222222222222,0.6438143369990784,0.12205965658033958,0.865079365079365,0.09974750318849153
catboost,"{""class_weights"": [1, 8], ""depth"": 8, ""learning_rate"": 0.06, ""n_estimators"": 500}",platt,0.1756099299787823,0,5.833333333333333,5,35,0.18518518518518517,0.2777777777777778,0.8148148148148148,0.7222222222222222,0.6416651770262718,0.12431365204464166,0.8483245149911817,0.11484607850904836
catboost,"{""class_weights"": [1, 12], ""depth"": 6, ""learning_rate"": 0.06, ""n_estimators"": 500}",platt,0.17580557539308658,0,5.833333333333333,5,35,0.18518518518518517,0.2777777777777778,0.8148148148148148,0.7222222222222222,0.6416468640737647,0.12395563251928902,0.8659611992945325,0.10754724411452565
catboost,"{""class_weights"": [1, 15], ""depth"": 8, ""learning_rate"": 0.03, ""n_estimators"": 300}",platt,0.19660310737220427,0,5.833333333333333,5,35,0.18518518518518517,0.2777777777777778,0.8148148148148148,0.7222222222222222,0.6311411972196287,0.12487520695556524,0.8597883597883597,0.10895756083209218
catboost,"{""class_weights"": [1, 20], ""depth"": 8, ""learning_rate"": 0.06, ""n_estimators"": 300}",platt,0.1854214530680363,0,5.833333333333333,5,35,0.18518518518518517,0.2777777777777778,0.8148148148148148,0.7222222222222222,0.6195416794927348,0.1251654037224548,0.8500881834215167,0.10016674923447959
catboost,"{""class_weights"": [1, 12], ""depth"": 6, ""learning_rate"": 0.03, ""n_estimators"": 300}",isotonic,0.14659065183774656,0,5.833333333333333,5,35,0.18518518518518517,0.2777777777777778,0.8148148148148148,0.7222222222222222,0.5440331606444139,0.11915123716811275,0.8298059964726631,0.08953582210459689
catboost,"{""class_weights"": [1, 15], ""depth"": 6, ""learning_rate"": 0.06, ""n_estimators"": 300}",platt,0.17342742272928632,0,6.0,5,36,0.18518518518518517,0.2857142857142857,0.8148148148148148,0.7142857142857143,0.6526860971664306,0.12444583918511498,0.8553791887125222,0.11522537603229417
catboost,"{""class_weights"": [1, 8], ""depth"": 3, ""learning_rate"": 0.03, ""n_estimators"": 500}",isotonic,0.125,0,6.0,5,36,0.18518518518518517,0.2857142857142857,0.8148148148148148,0.7142857142857143,0.6036526956461598,0.1267667555359992,0.816137566137566,0.13820465438563145
catboost,"{""class_weights"": [1, 12], ""depth"": 4, ""learning_rate"": 0.06, ""n_estimators"": 500}",isotonic,0.07911351630672525,0,6.0,5,36,0.18518518518518517,0.2857142857142857,0.8148148148148148,0.7142857142857143,0.5493794498128864,0.12876684238193312,0.8170194003527338,0.12602266923692043
catboost,"{""class_weights"": [1, 12], ""depth"": 4, ""learning_rate"": 0.06, ""n_estimators"": 800}",isotonic,0.07911351630672525,0,6.0,5,36,0.18518518518518517,0.2857142857142857,0.8148148148148148,0.7142857142857143,0.5493794498128864,0.13015187571312675,0.8170194003527338,0.13133171054684722
catboost,"{""class_weights"": [1, 3], ""depth"": 6, ""learning_rate"": 0.03, ""n_estimators"": 800}",isotonic,0.15216496321266237,0,6.0,6,13,0.2222222222222222,0.10317460317460317,0.7777777777777778,0.8968253968253969,0.6463242210659458,0.1019955643519297,0.8906525573192239,0.07900412855512111
catboost,"{""class_weights"": ""balanced"", ""depth"": 6, ""learning_rate"": 0.03, ""n_estimators"": 800}",platt,0.17103264275497465,0,6.0,6,20,0.2222222222222222,0.15873015873015872,0.7777777777777778,0.8412698412698413,0.7556155016294336,0.10961015336779296,0.8853615520282188,0.13094549231047417
catboost,"{""class_weights"": [1, 2], ""depth"": 6, ""learning_rate"": 0.03, ""n_estimators"": 500}",platt,0.1683153237746382,0,6.0,6,21,0.2222222222222222,0.16666666666666666,0.7777777777777778,0.8333333333333334,0.7471414866008623,0.11379766371768807,0.8968253968253969,0.10581970188380761
catboost,"{""class_weights"": [1, 12], ""depth"": 4, ""learning_rate"": 0.03, ""n_estimators"": 300}",platt,0.22697705832477125,0,6.0,6,21,0.2222222222222222,0.16666666666666666,0.7777777777777778,0.8333333333333334,0.6587772850930746,0.12100878479285611,0.8756613756613757,0.11226466374903771
catboost,"{""class_weights"": ""balanced"", ""depth"": 6, ""learning_rate"": 0.03, ""n_estimators"": 500}",platt,0.16810325223048708,0,6.0,6,23,0.2222222222222222,0.18253968253968253,0.7777777777777778,0.8174603174603174,0.7572027029404307,0.10995140971711338,0.888888888888889,0.12785352653010454
catboost,"{""class_weights"": [1, 3], ""depth"": 8, ""learning_rate"": 0.03, ""n_estimators"": 500}",platt,0.17464720450729476,0,6.0,6,24,0.2222222222222222,0.19047619047619047,0.7777777777777778,0.8095238095238095,0.7419400362433232,0.11674515273508829,0.8897707231040565,0.11984631295181385
catboost,"{""class_weights"": ""balanced"", ""depth"": 6, ""learning_rate"": 0.06, ""n_estimators"": 800}",platt,0.16851042476339806,0,6.0,6,24,0.2222222222222222,0.19047619047619047,0.7777777777777778,0.8095238095238095,0.7141351141646092,0.10973795946052123,0.8738977072310407,0.1256072550191961
catboost,"{""class_weights"": [1, 3], ""depth"": 8, ""learning_rate"": 0.03, ""n_estimators"": 800}",platt,0.17274866709094028,0,6.0,6,25,0.2222222222222222,0.1984126984126984,0.7777777777777778,0.8015873015873016,0.7369160329817515,0.11614600443901797,0.8853615520282186,0.12242431249232555
catboost,"{""class_weights"": [1, 12], ""depth"": 8, ""learning_rate"": 0.03, ""n_estimators"": 500}",platt,0.20575486793365638,0,6.0,6,25,0.2222222222222222,0.1984126984126984,0.7777777777777778,0.8015873015873016,0.6560192075066217,0.12710519647756685,0.8456790123456791,0.12383490517190159
catboost,"{""class_weights"": [1, 15], ""depth"": 4, ""learning_rate"": 0.06, ""n_estimators"": 500}",isotonic,0.1124602330813658,0,6.0,6,25,0.2222222222222222,0.1984126984126984,0.7777777777777778,0.8015873015873016,0.6200054621622128,0.10473866280339866,0.8774250440917107,0.11461212357712557
catboost,"{""class_weights"": [1, 12], ""depth"": 8, ""learning_rate"": 0.03, ""n_estimators"": 300}",platt,0.20641656266760497,0,6.0,6,26,0.2222222222222222,0.20634920634920634,0.7777777777777778,0.7936507936507936,0.6447608376593884,0.12612775693587056,0.8527336860670194,0.12005302046870599
catboost,"{""class_weights"": [1, 1], ""depth"": 6, ""learning_rate"": 0.06, ""n_estimators"": 500}",platt,0.16352838717626475,0,6.0,6,28,0.2222222222222222,0.2222222222222222,0.7777777777777778,0.7777777777777778,0.6857753128014566,0.11722386626221215,0.8818342151675486,0.12081050573718062
catboost,"{""class_weights"": [1, 8], ""depth"": 3, ""learning_rate"": 0.06, ""n_estimators"": 500}",platt,0.17219340860872703,0,6.0,6,28,0.2222222222222222,0.2222222222222222,0.7777777777777778,0.7777777777777778,0.675015324070073,0.11919266724649898,0.8677248677248678,0.11036414310402444
catboost,"{""class_weights"": [1, 8], ""depth"": 8, ""learning_rate"": 0.06, ""n_estimators"": 300}",platt,0.1821313839309067,0,6.0,6,28,0.2222222222222222,0.2222222222222222,0.7777777777777778,0.7777777777777778,0.6568406810890471,0.12426532551810247,0.8500881834215167,0.12199109630653286
catboost,"{""class_weights"": [1, 15], ""depth"": 3, ""learning_rate"": 0.03, ""n_estimators"": 300}",platt,0.23191505162337592,0,6.0,6,28,0.2222222222222222,0.2222222222222222,0.7777777777777778,0.7777777777777778,0.6520030682156585,0.12519315742461398,0.8580246913580248,0.09821636843058873
catboost,"{""class_weights"": [1, 15], ""depth"": 4, ""learning_rate"": 0.06, ""n_estimators"": 800}",isotonic,0.12671405643145103,0,6.0,6,28,0.2222222222222222,0.2222222222222222,0.7777777777777778,0.7777777777777778,0.6144636051369797,0.10571718007499331,0.8738977072310407,0.11355960676893055
catboost,"{""class_weights"": [1, 3], ""depth"": 6, ""learning_rate"": 0.06, ""n_estimators"": 500}",platt,0.17014835606669124,0,6.0,6,29,0.2222222222222222,0.23015873015873015,0.7777777777777778,0.7698412698412699,0.7349766560388225,0.11556328256178072,0.8906525573192239,0.12831691255029776
catboost,"{""class_weights"": [1, 3], ""depth"": 6, ""learning_rate"": 0.06, ""n_estimators"": 800}",platt,0.16971586540695396,0,6.0,6,29,0.2222222222222222,0.23015873015873015,0.7777777777777778,0.7698412698412699,0.7281009981486718,0.11538964947052137,0.8853615520282186,0.12131414827355264
catboost,"{""class_weights"": [1, 5], ""depth"": 8, ""learning_rate"": 0.06, ""n_estimators"": 800}",platt,0.16174282535331952,0,6.0,6,29,0.2222222222222222,0.23015873015873015,0.7777777777777778,0.7698412698412699,0.6908784403348323,0.11706873184221472,0.8597883597883597,0.10754683416066112
catboost,"{""class_weights"": [1, 20], ""depth"": 8, ""learning_rate"": 0.03, ""n_estimators"": 800}",platt,0.19444539547916942,0,6.0,6,29,0.2222222222222222,0.23015873015873015,0.7777777777777778,0.7698412698412699,0.575039122704999,0.12628159909551506,0.8403880070546738,0.105416164675574
catboost,"{""class_weights"": [1, 8], ""depth"": 6, ""learning_rate"": 0.03, ""n_estimators"": 300}",isotonic,0.125,0,6.0,6,29,0.2222222222222222,0.23015873015873015,0.7777777777777778,0.7698412698412699,0.5674397739757217,0.10806714149213169,0.8646384479717812,0.08206966141502202
catboost,"{""class_weights"": [1, 15], ""depth"": 4, ""learning_rate"": 0.03, ""n_estimators"": 300}",platt,0.21038028206683088,0,6.0,6,30,0.2222222222222222,0.23809523809523808,0.7777777777777778,0.7619047619047619,0.6489909941629929,0.1225608425868515,0.8624338624338623,0.09282347803765457
catboost,"{""class_weights"": [1, 15], ""depth"": 6, ""learning_rate"": 0.03, ""n_estimators"": 300}",platt,0.2021245547632053,0,6.0,6,30,0.2222222222222222,0.23809523809523808,0.7777777777777778,0.7619047619047619,0.6163088358022998,0.12418220565084957,0.8536155202821868,0.11442883993092612
catboost,"{""class_weights"": [1, 8], ""depth"": 8, ""learning_rate"": 0.03, ""n_estimators"": 500}",platt,0.176542348250013,0,6.0,6,31,0.2222222222222222,0.24603174603174602,0.7777777777777778,0.753968253968254,0.6787642923461638,0.12312179150742952,0.8686067019400353,0.11776859892294751
catboost,"{""class_weights"": [1, 8], ""depth"": 8, ""learning_rate"": 0.06, ""n_estimators"": 800}",platt,0.1755291425195762,0,6.0,6,31,0.2222222222222222,0.24603174603174602,0.7777777777777778,0.753968253968254,0.6592269021691329,0.12416961841489209,0.8465608465608465,0.10966365719194072
catboost,"{""class_weights"": [1, 15], ""depth"": 3, ""learning_rate"": 0.03, ""n_estimators"": 500}",platt,0.19434931473303083,0,6.0,6,31,0.2222222222222222,0.24603174603174602,0.7777777777777778,0.753968253968254,0.651399710716278,0.12379882265789312,0.8589065255731922,0.10061292959755837
catboost,"{""class_weights"": [1, 12], ""depth"": 8, ""learning_rate"": 0.03, ""n_estimators"": 800}",platt,0.1812140549447286,0,6.0,6,31,0.2222222222222222,0.24603174603174602,0.7777777777777778,0.753968253968254,0.6489074535815871,0.1274066394404337,0.837742504409171,0.10711242780265136
catboost,"{""class_weights"": [1, 20], ""depth"": 6, ""learning_rate"": 0.06, ""n_estimators"": 300}",platt,0.1873720995926625,0,6.0,6,31,0.2222222222222222,0.24603174603174602,0.7777777777777778,0.753968253968254,0.6328743711239985,0.12692499401849033,0.8386243386243386,0.10274854302080143
catboost,"{""class_weights"": [1, 20], ""depth"": 3, ""learning_rate"": 0.06, ""n_estimators"": 300}",platt,0.2119623938941982,0,6.0,6,31,0.2222222222222222,0.24603174603174602,0.7777777777777778,0.753968253968254,0.631353907955103,0.12708877309293523,0.8412698412698413,0.09909070752641454
catboost,"{""class_weights"": [1, 15], ""depth"": 3, ""learning_rate"": 0.06, ""n_estimators"": 300}",platt,0.20892928089787885,0,6.0,6,31,0.2222222222222222,0.24603174603174602,0.7777777777777778,0.753968253968254,0.6293693875194302,0.12450089193712312,0.8447971781305115,0.1051034277873766
catboost,"{""class_weights"": [1, 20], ""depth"": 4, ""learning_rate"": 0.03, ""n_estimators"": 300}",platt,0.2116530579462069,0,6.0,6,32,0.2222222222222222,0.25396825396825395,0.7777777777777778,0.746031746031746,0.6528747385216476,0.12269545140829748,0.8606701940035274,0.0983413178850529
catboost,"{""class_weights"": [1, 12], ""depth"": 3, ""learning_rate"": 0.06, ""n_estimators"": 800}",platt,0.16314474253652086,0,6.0,6,32,0.2222222222222222,0.25396825396825395,0.7777777777777778,0.746031746031746,0.6451366979540355,0.12102836081610029,0.8518518518518517,0.09050992023242042
catboost,"{""class_weights"": [1, 12], ""depth"": 4, ""learning_rate"": 0.06, ""n_estimators"": 300}",platt,0.17342115945185207,0,6.0,6,33,0.2222222222222222,0.2619047619047619,0.7777777777777778,0.7380952380952381,0.660316024622945,0.12172769125361249,0.8580246913580246,0.11447850247996282
catboost,"{""class_weights"": [1, 8], ""depth"": 3, ""learning_rate"": 0.06, ""n_estimators"": 300}",platt,0.16977355991463966,0,6.0,6,33,0.2222222222222222,0.2619047619047619,0.7777777777777778,0.7380952380952381,0.6583097961645433,0.11991321099428011,0.8633156966490301,0.10780756789222297
catboost,"{""class_weights"": [1, 20], ""depth"": 6, ""learning_rate"": 0.06, ""n_estimators"": 500}",platt,0.17804016643088505,0,6.0,6,33,0.2222222222222222,0.2619047619047619,0.7777777777777778,0.7380952380952381,0.6247932497338006,0.12779825603640965,0.8271604938271605,0.09548363959662161
catboost,"{""class_weights"": [1, 15], ""depth"": 6, ""learning_rate"": 0.06, ""n_estimators"": 500}",platt,0.17775476372017965,0,6.0,6,33,0.2222222222222222,0.2619047619047619,0.7777777777777778,0.7380952380952381,0.6169361325099422,0.12533203337217783,0.8518518518518517,0.10223888493771367
catboost,"{""class_weights"": [1, 15], ""depth"": 6, ""learning_rate"": 0.06, ""n_estimators"": 800}",platt,0.1771623295989708,0,6.0,6,33,0.2222222222222222,0.2619047619047619,0.7777777777777778,0.7380952380952381,0.6156869030735782,0.12569900932191502,0.8509700176366843,0.10192159035797226
catboost,"{""class_weights"": [1, 8], ""depth"": 4, ""learning_rate"": 0.03, ""n_estimators"": 300}",platt,0.18749313207395618,0,6.0,6,34,0.2222222222222222,0.2698412698412698,0.7777777777777778,0.7301587301587301,0.6891651712962342,0.12123200318604162,0.8721340388007054,0.10781581494791177
catboost,"{""class_weights"": [1, 8], ""depth"": 8, ""learning_rate"": 0.03, ""n_estimators"": 800}",platt,0.17073181050183012,0,6.0,6,34,0.2222222222222222,0.2698412698412698,0.7777777777777778,0.7301587301587301,0.6791845303560279,0.12292638714977595,0.8615520282186949,0.12252251988334174
catboost,"{""class_weights"": [1, 20], ""depth"": 3, ""learning_rate"": 0.06, ""n_estimators"": 800}",platt,0.182143892035991,0,6.0,6,34,0.2222222222222222,0.2698412698412698,0.7777777777777778,0.7301587301587301,0.6527603797736238,0.12377745671226009,0.8624338624338623,0.10078627150847637
catboost,"{""class_weights"": [1, 20], ""depth"": 3, ""learning_rate"": 0.03, ""n_estimators"": 800}",platt,0.18693448841808868,0,6.0,6,34,0.2222222222222222,0.2698412698412698,0.7777777777777778,0.7301587301587301,0.6478764032702363,0.1242095910262709,0.853615520282187,0.10137807787237918
catboost,"{""class_weights"": [1, 12], ""depth"": 3, ""learning_rate"": 0.03, ""n_estimators"": 500}",platt,0.1906939832682829,0,6.0,6,34,0.2222222222222222,0.2698412698412698,0.7777777777777778,0.7301587301587301,0.6436128007912317,0.1227250294169585,0.8544973544973544,0.10534630873440287
catboost,"{""class_weights"": [1, 20], ""depth"": 8, ""learning_rate"": 0.06, ""n_estimators"": 800}",platt,0.17952009133206479,0,6.0,6,34,0.2222222222222222,0.2698412698412698,0.7777777777777778,0.7301587301587301,0.6016760727372117,0.12582688563955013,0.818342151675485,0.12960151292855382
catboost,"{""class_weights"": [1, 12], ""depth"": 4, ""learning_rate"": 0.03, ""n_estimators"": 800}",isotonic,0.1,0,6.0,6,34,0.2222222222222222,0.2698412698412698,0.7777777777777778,0.7301587301587301,0.5389355742296918,0.13371207834633844,0.8055555555555555,0.1289846380894238
catboost,"{""class_weights"": [1, 20], ""depth"": 8, ""learning_rate"": 0.06, ""n_estimators"": 500}",isotonic,0.3333333333333333,0,6.0,6,34,0.2222222222222222,0.2698412698412698,0.7777777777777778,0.7301587301587301,0.5363450203509482,0.12310871020228976,0.7998236331569665,0.09763104319501548
catboost,"{""class_weights"": [1, 3], ""depth"": 8, ""learning_rate"": 0.06, ""n_estimators"": 500}",platt,0.16974384891487393,0,6.0,6,35,0.2222222222222222,0.2777777777777778,0.7777777777777778,0.7222222222222222,0.7439337660414621,0.11608433311275997,0.8721340388007054,0.13294733146034168
catboost,"{""class_weights"": [1, 3], ""depth"": 8, ""learning_rate"": 0.06, ""n_estimators"": 800}",platt,0.16900200670883775,0,6.0,6,35,0.2222222222222222,0.2777777777777778,0.7777777777777778,0.7222222222222222,0.7361849094072689,0.11565527829721989,0.8641975308641975,0.1276714346930293
catboost,"{""class_weights"": [1, 8], ""depth"": 4, ""learning_rate"": 0.03, ""n_estimators"": 500}",platt,0.16849882682311318,0,6.0,6,35,0.2222222222222222,0.2777777777777778,0.7777777777777778,0.7222222222222222,0.6891745919231299,0.12084534101061055,0.8694885361552028,0.10521425805377717
catboost,"{""class_weights"": [1, 12], ""depth"": 3, ""learning_rate"": 0.03, ""n_estimators"": 800}",platt,0.17032030167483922,0,6.0,6,35,0.2222222222222222,0.2777777777777778,0.7777777777777778,0.7222222222222222,0.647086977721048,0.12046101107658129,0.8571428571428571,0.11640558211032599
catboost,"{""class_weights"": [1, 12], ""depth"": 6, ""learning_rate"": 0.06, ""n_estimators"": 800}",platt,0.17617916357080166,0,6.0,6,35,0.2222222222222222,0.2777777777777778,0.7777777777777778,0.7222222222222222,0.6357181117561235,0.12418870127915148,0.86331569664903,0.10674356281275767
catboost,"{""class_weights"": [1, 20], ""depth"": 6, ""learning_rate"": 0.03, ""n_estimators"": 500}",platt,0.18612374137761373,0,6.0,6,35,0.2222222222222222,0.2777777777777778,0.7777777777777778,0.7222222222222222,0.6315436807622088,0.12485970088371516,0.8465608465608465,0.09417902626783603
catboost,"{""class_weights"": [1, 5], ""depth"": 8, ""learning_rate"": 0.03, ""n_estimators"": 800}",isotonic,0.1111111111111111,0,6.0,6,35,0.2222222222222222,0.2777777777777778,0.7777777777777778,0.7222222222222222,0.5878466999382032,0.10761888561646864,0.8470017636684304,0.08312242098001264
catboost,"{""class_weights"": [1, 3], ""depth"": 8, ""learning_rate"": 0.06, ""n_estimators"": 300}",platt,0.17294523052739927,0,6.0,6,36,0.2222222222222222,0.2857142857142857,0.7777777777777778,0.7142857142857143,0.7341623620609129,0.11804765331118423,0.8624338624338624,0.118928000785601
catboost,"{""class_weights"": [1, 8], ""depth"": 3, ""learning_rate"": 0.03, ""n_estimators"": 800}",platt,0.16278678330643492,0,6.0,6,36,0.2222222222222222,0.2857142857142857,0.7777777777777778,0.7142857142857143,0.6882969941322346,0.12067316360086457,0.8624338624338624,0.09499742503082508
catboost,"{""class_weights"": [1, 5], ""depth"": 3, ""learning_rate"": 0.03, ""n_estimators"": 800}",platt,0.16494875535095374,0,6.0,6,36,0.2222222222222222,0.2857142857142857,0.7777777777777778,0.7142857142857143,0.6812300877555969,0.12022435862180063,0.8580246913580248,0.08744131220616318
catboost,"{""class_weights"": [1, 15], ""depth"": 6, ""learning_rate"": 0.03, ""n_estimators"": 800}",platt,0.16779785546870685,0,6.0,6,36,0.2222222222222222,0.2857142857142857,0.7777777777777778,0.7142857142857143,0.6582694209565007,0.12459344337907297,0.8615520282186949,0.10474346849638366
catboost,"{""class_weights"": [1, 12], ""depth"": 3, ""learning_rate"": 0.06, ""n_estimators"": 500}",platt,0.16748701866903745,0,6.0,6,36,0.2222222222222222,0.2857142857142857,0.7777777777777778,0.7142857142857143,0.643363126579583,0.12162323548385033,0.8500881834215166,0.08799148023326936
catboost,"{""class_weights"": [1, 20], ""depth"": 6, ""learning_rate"": 0.03, ""n_estimators"": 300}",platt,0.19981958411443945,0,6.0,6,36,0.2222222222222222,0.2857142857142857,0.7777777777777778,0.7142857142857143,0.620046963870381,0.12549862512711893,0.8483245149911817,0.0961956168551643
catboost,"{""class_weights"": [1, 5], ""depth"": 3, ""learning_rate"": 0.03, ""n_estimators"": 500}",isotonic,0.16666666666666666,0,6.0,6,36,0.2222222222222222,0.2857142857142857,0.7777777777777778,0.7142857142857143,0.5550998557818678,0.13065641310328727,0.8020282186948853,0.12813697944019073
catboost,"{""class_weights"": [1, 20], ""depth"": 6, ""learning_rate"": 0.06, ""n_estimators"": 800}",platt,0.17276895285202676,0,6.333333333333333,5,38,0.18518518518518517,0.30158730158730157,0.8148148148148148,0.6984126984126984,0.6145260929504859,0.12843900815509224,0.8306878306878307,0.09467258711775815
catboost,"{""class_weights"": [1, 15], ""depth"": 4, ""learning_rate"": 0.03, ""n_estimators"": 800}",platt,0.1688434159787154,0,6.333333333333333,6,38,0.2222222222222222,0.30158730158730157,0.7777777777777778,0.6984126984126984,0.6422255213921881,0.12386535880786287,0.8580246913580245,0.10501142957008532
catboost,"{""class_weights"": [1, 20], ""depth"": 8, ""learning_rate"": 0.03, ""n_estimators"": 500}",isotonic,0.14285714285714285,0,6.333333333333333,6,38,0.2222222222222222,0.30158730158730157,0.7777777777777778,0.6984126984126984,0.4334255301108317,0.15223165125720448,0.7746913580246915,0.11878327054306548
catboost,"{""class_weights"": [1, 2], ""depth"": 6, ""learning_rate"": 0.06, ""n_estimators"": 300}",platt,0.16984903700821352,0,6.5,6,39,0.2222222222222222,0.30952380952380953,0.7777777777777778,0.6904761904761905,0.7342122498132729,0.11686980776577327,0.888888888888889,0.12037290997655276
catboost,"{""class_weights"": [1, 2], ""depth"": 6, ""learning_rate"": 0.06, ""n_estimators"": 500}",platt,0.17221425903664375,0,6.5,6,39,0.2222222222222222,0.30952380952380953,0.7777777777777778,0.6904761904761905,0.7337190399509241,0.11607522478311745,0.880952380952381,0.11359029074974884
catboost,"{""class_weights"": [1, 2], ""depth"": 6, ""learning_rate"": 0.06, ""n_estimators"": 800}",platt,0.17233182778578918,0,6.5,6,39,0.2222222222222222,0.30952380952380953,0.7777777777777778,0.6904761904761905,0.72905040036619,0.11496970960235486,0.8783068783068783,0.11145409906127607
catboost,"{""class_weights"": [1, 5], ""depth"": 8, ""learning_rate"": 0.06, ""n_estimators"": 500}",platt,0.1605410674309449,0,6.5,6,39,0.2222222222222222,0.30952380952380953,0.7777777777777778,0.6904761904761905,0.6963169546502881,0.11753863115155573,0.8589065255731922,0.11128081910266936
catboost,"{""class_weights"": [1, 5], ""depth"": 8, ""learning_rate"": 0.06, ""n_estimators"": 300}",platt,0.1607610677485687,0,6.5,6,39,0.2222222222222222,0.30952380952380953,0.7777777777777778,0.6904761904761905,0.6908044488191547,0.11812777828941606,0.853615520282187,0.10786250283436837
catboost,"{""class_weights"": [1, 15], ""depth"": 8, ""learning_rate"": 0.06, ""n_estimators"": 300}",platt,0.18103615198677647,0,6.666666666666667,6,40,0.2222222222222222,0.31746031746031744,0.7777777777777778,0.6825396825396826,0.6274740541333744,0.12801303727994998,0.826278659611993,0.09802289676318861
catboost,"{""class_weights"": [1, 15], ""depth"": 8, ""learning_rate"": 0.06, ""n_estimators"": 500}",platt,0.17385672744057323,0,6.833333333333333,6,41,0.2222222222222222,0.3253968253968254,0.7777777777777778,0.6746031746031746,0.618823480131106,0.12848290563136391,0.8121693121693122,0.10102256662489806
catboost,"{""class_weights"": [1, 1], ""depth"": 8, ""learning_rate"": 0.06, ""n_estimators"": 300}",platt,0.17223804105404744,0,7.0,7,25,0.25925925925925924,0.1984126984126984,0.7407407407407407,0.8015873015873016,0.7198326546365763,0.1239712286567689,0.8791887125220459,0.10428905510860968
catboost,"{""class_weights"": ""balanced"", ""depth"": 6, ""learning_rate"": 0.06, ""n_estimators"": 500}",platt,0.17140998270904806,0,7.0,7,25,0.25925925925925924,0.1984126984126984,0.7407407407407407,0.8015873015873016,0.7180368913997198,0.11114458443203769,0.8783068783068783,0.12892864599599077
catboost,"{""class_weights"": [1, 1], ""depth"": 8, ""learning_rate"": 0.06, ""n_estimators"": 500}",platt,0.17195931932269623,0,7.0,7,27,0.25925925925925924,0.21428571428571427,0.7407407407407407,0.7857142857142857,0.7081928259033491,0.12370223420696558,0.8774250440917108,0.12691428932511598
catboost,"{""class_weights"": ""balanced"", ""depth"": 8, ""learning_rate"": 0.03, ""n_estimators"": 800}",platt,0.1673053248099032,0,7.0,7,29,0.25925925925925924,0.23015873015873015,0.7407407407407407,0.7698412698412699,0.7313232540658129,0.11522137584008456,0.8694885361552028,0.1293990963895485
catboost,"{""class_weights"": [1, 15], ""depth"": 8, ""learning_rate"": 0.06, ""n_estimators"": 800}",platt,0.17385672744057323,0,7.0,7,37,0.25925925925925924,0.29365079365079366,0.7407407407407407,0.7063492063492064,0.5955786793876573,0.1287768948271821,0.8051146384479718,0.09831315214228135
catboost,"{""class_weights"": [1, 1], ""depth"": 6, ""learning_rate"": 0.06, ""n_estimators"": 800}",isotonic,0.07692307692307693,0,7.0,7,37,0.25925925925925924,0.29365079365079366,0.7407407407407407,0.7063492063492064,0.5568516632242123,0.12279316049900597,0.8192239858906526,0.10213234540997733
catboost,"{""class_weights"": [1, 1], ""depth"": 8, ""learning_rate"": 0.06, ""n_estimators"": 800}",platt,0.17038673035868282,0,7.0,7,41,0.25925925925925924,0.3253968253968254,0.7407407407407407,0.6746031746031746,0.6856800222046778,0.12324052106418722,0.8747795414462082,0.12673093638330094
